video_filename,label,duration,fps
SOMEONE.mp4,someone,2.83,30
INDIA.mp4,india,1.33,30
CORNER.mp4,corner,2.5,30
PIECE.mp4,piece,2.92,25
EXCUSE.mp4,excuse,2.59,24
FEBRUARY.mp4,february,2.28,25
REVEAL.mp4,reveal,1.0,30
NINETEEN.mp4,nineteen,2.59,24
OVERLOOK.mp4,overlook,2.67,24
EYES.mp4,eyes,3.25,24
STRAWBERRY.mp4,strawberry,2.47,30
SETTLE.mp4,settle,2.17,24
ACCEPT.mp4,accept,2.04,24
TOURNAMENT.mp4,tournament,4.24,25
NETWORK.mp4,network,2.96,24
TOILET.mp4,toilet,2.57,30
LEAF.mp4,leaf,3.07,30
SWALLOW.mp4,swallow,2.77,30
RELEASE.mp4,release,3.48,25
SURRENDER.mp4,surrender,2.72,25
DIRECTOR.mp4,director,3.38,24
LUNCH.mp4,lunch,2.64,25
BORROW.mp4,borrow,3.27,30
THRILL.mp4,thrill,3.09,24
WEDDING.mp4,wedding,2.6,30
DISSOLVE.mp4,dissolve,2.92,24
WRITE.mp4,write,2.77,30
THANK YOU.mp4,thank you,2.74,30
SICK.mp4,sick,2.44,30
CABBAGE.mp4,cabbage,4.16,25
GRAB.mp4,grab,2.79,24
FOX.mp4,fox,2.47,30
NECK.mp4,neck,2.5,30
WRENCH.mp4,wrench,3.14,30
STARE.mp4,stare,2.74,30
GYMNASTICS.mp4,gymnastics,3.67,30
MAYBE.mp4,maybe,3.1,30
SUN.mp4,sun,5.21,24
SOON.mp4,soon,1.84,24
WHICH.mp4,which,2.17,30
V.mp4,v,1.88,24
HOW.mp4,how,3.0,30
LEGAL.mp4,legal,2.3,30
A.mp4,a,2.59,24
SANDWICH.mp4,sandwich,1.57,30
IDENTIFY.mp4,identify,2.5,24
STAR.mp4,star,2.07,30
RETREAT.mp4,retreat,2.96,25
REALLY.mp4,really,2.6,30
ANSWER.mp4,answer,3.1,30
GUITAR.mp4,guitar,2.64,30
FORM.mp4,form,3.0,25
ART.mp4,art,3.14,30
LUCKY.mp4,lucky,1.54,24
POLITICS.mp4,politics,2.14,30
WEIGH.mp4,weigh,4.96,24
TELEPHONE.mp4,telephone,2.9,30
STAIRS.mp4,stairs,2.75,24
REST.mp4,rest,4.17,30
AUTUMN.mp4,autumn,2.34,24
CHANCE.mp4,chance,2.21,24
BIBLE.mp4,bible,3.14,30
HEAVEN.mp4,heaven,2.75,24
SATISFY.mp4,satisfy,2.67,24
RATHER.mp4,rather,2.84,30
FINALLY.mp4,finally,2.92,50
HURRY.mp4,hurry,3.72,25
PROTECT.mp4,protect,2.09,24
VOICE.mp4,voice,1.6,30
TEACH.mp4,teach,3.04,30
BREAKFAST.mp4,breakfast,3.64,30
PAST.mp4,past,1.03,30
FAR.mp4,far,1.47,30
GENERAL.mp4,general,2.08,25
KARATE.mp4,karate,1.03,30
TALE.mp4,tale,3.5,30
W.mp4,w,1.88,24
CATHOLIC.mp4,catholic,2.21,24
WARN.mp4,warn,2.67,30
SQUEEZE.mp4,squeeze,3.24,25
DISGUSTED.mp4,disgusted,2.63,24
OCEAN.mp4,ocean,3.27,30
BOTH.mp4,both,3.04,30
LOVE.mp4,love,1.42,24
MY.mp4,my,2.47,30
TRUCK.mp4,truck,2.75,24
SURE.mp4,sure,3.4,30
AFRAID.mp4,afraid,2.76,25
LETTUCE.mp4,lettuce,2.13,24
THROUGH.mp4,through,4.76,25
SWIM.mp4,swim,1.53,30
WAY.mp4,way,2.87,30
GIRLFRIEND.mp4,girlfriend,2.8,25
FOURTH.mp4,fourth,3.09,24
BUS.mp4,bus,2.54,30
ROPE.mp4,rope,2.8,25
FEDERAL.mp4,federal,3.28,25
OPERATE.mp4,operate,2.72,25
PREFER.mp4,prefer,2.93,30
KICK.mp4,kick,2.54,24
ABOUT.mp4,about,3.87,30
ENGINEER.mp4,engineer,2.52,25
PLATE.mp4,plate,2.79,24
GLASS.mp4,glass,2.24,30
EGG.mp4,egg,1.4,30
NOTICE.mp4,notice,2.75,24
NAME.mp4,name,2.47,30
MOOSE.mp4,moose,1.92,24
BRAVE.mp4,brave,2.0,24
LINE.mp4,line,2.84,30
MUSEUM.mp4,museum,3.0,30
DESCRIBE.mp4,describe,2.34,30
SKELETON.mp4,skeleton,3.52,25
INTERPRET.mp4,interpret,3.27,30
MORE.mp4,more,2.74,30
STRESS.mp4,stress,3.27,30
BROWN.mp4,brown,2.4,30
FEEL.mp4,feel,3.1,30
AGREEMENT.mp4,agreement,2.17,24
FARMER.mp4,farmer,3.76,25
WOMAN.mp4,woman,2.27,30
BICYCLE.mp4,bicycle,2.46,24
ELSE.mp4,else,2.27,30
ETERNITY.mp4,eternity,5.28,25
MOST.mp4,most,2.79,24
SECRET.mp4,secret,1.94,30
THEIR.mp4,their,3.8,25
GANG.mp4,gang,3.88,25
FIGHT.mp4,fight,3.04,30
NECKLACE.mp4,necklace,2.7,30
BUSY.mp4,busy,1.96,24
KNIFE.mp4,knife,2.96,25
ADJUST.mp4,adjust,3.14,30
SHOVEL.mp4,shovel,2.73,30
ADVANCED.mp4,advanced,4.28,25
IDEA.mp4,idea,1.2,30
BYE.mp4,bye,3.33,30
TOPIC.mp4,topic,2.67,24
SINGLE.mp4,single,2.59,24
TURN.mp4,turn,2.63,24
PULL.mp4,pull,3.97,30
GEOMETRY.mp4,geometry,3.44,25
TIPTOE.mp4,tiptoe,6.04,25
PRECIPITATION.mp4,precipitation,6.21,24
ADAPT.mp4,adapt,5.54,24
EVIDENCE.mp4,evidence,6.0,24
PENCIL.mp4,pencil,3.32,25
SOME.mp4,some,2.84,30
CRUEL.mp4,cruel,3.88,25
CONGRATULATIONS.mp4,congratulations,1.67,30
WASH.mp4,wash,2.63,30
HOT.mp4,hot,1.9,30
U.mp4,u,1.79,24
COMPUTER.mp4,computer,2.94,30
FLEXIBLE.mp4,flexible,3.48,25
ALWAYS.mp4,always,2.0,30
B.mp4,b,2.0,24
ITALY.mp4,italy,2.2,30
SNOWMAN.mp4,snowman,3.17,24
TIE.mp4,tie,3.21,24
UNDERWEAR.mp4,underwear,2.17,24
DISCUSS.mp4,discuss,3.03,30
JUDGE.mp4,judge,1.97,30
MONKEY.mp4,monkey,3.09,24
NEPHEW.mp4,nephew,2.87,30
HARD.mp4,hard,3.14,30
BANK.mp4,bank,1.3,30
LOAN.mp4,loan,3.27,30
SECRETARY.mp4,secretary,3.97,30
NICE.mp4,nice,3.1,30
HAPPEN.mp4,happen,2.6,30
PAIN.mp4,pain,2.74,30
INVEST.mp4,invest,1.17,24
COMMON.mp4,common,2.9,30
RIDICULOUS.mp4,ridiculous,1.67,24
RIDE.mp4,ride,1.7,30
GOVERNMENT.mp4,government,1.33,30
INTERSECTION.mp4,intersection,2.44,30
GIRAFFE.mp4,giraffe,2.87,30
DAD.mp4,dad,2.87,30
DULL.mp4,dull,3.16,25
NEXT.mp4,next,1.17,30
POSSIBLE.mp4,possible,1.53,30
TO.mp4,to,2.64,30
DEFEAT.mp4,defeat,4.12,25
MISS.mp4,miss,3.09,24
BREAK.mp4,break,2.92,24
HAMMER.mp4,hammer,5.1,30
BONE.mp4,bone,2.54,24
PENNSYLVANIA.mp4,pennsylvania,2.59,24
PAGE.mp4,page,3.24,25
SOAP.mp4,soap,2.9,30
WASH FACE.mp4,wash face,1.96,24
PROBLEM.mp4,problem,3.03,30
C.mp4,c,2.2,30
PIZZA.mp4,pizza,2.5,30
BACON.mp4,bacon,3.04,30
REDCARD.mov,redcard,1.66,57
SEVEN.mp4,seven,2.14,30
WARM.mp4,warm,2.77,30
IRON.mp4,iron,2.75,24
MAGAZINE.mp4,magazine,3.34,30
LARGE.mp4,large,2.48,50
T.mp4,t,1.84,24
WHILE.mp4,while,2.25,24
BEHAVIOR.mp4,behavior,7.08,24
OBJECTIVE.mp4,objective,3.24,25
EXPERIMENT.mp4,experiment,2.24,30
SMELL.mp4,smell,2.59,24
ANYWAY.mp4,anyway,2.8,50
OR.mp4,or,3.4,25
AROUND.mp4,around,2.2,30
DANGER.mp4,danger,4.32,25
TRY.mp4,try,3.27,30
KITCHEN.mp4,kitchen,1.75,24
FRUIT.mp4,fruit,2.5,30
BRIGHT.mp4,bright,3.64,25
PET.mp4,pet,2.79,24
SPILL.mp4,spill,1.9,30
WANDER.mp4,wander,3.92,25
HIGHWAY.mp4,highway,1.43,30
HONOR.mp4,honor,3.1,30
COOPERATE.mp4,cooperate,4.36,25
IMPOSSIBLE.mp4,impossible,3.44,30
CONSIDER.mp4,consider,4.12,25
PROGRAM.mp4,program,2.97,30
PAY ATTENTION.mp4,pay attention,3.87,30
PATIENT.mp4,patient,2.38,24
OPEN.mp4,open,3.32,25
EDUCATION.mp4,education,2.88,24
BUG.mp4,bug,2.96,24
ADULT.mp4,adult,1.4,30
LEAD.mp4,lead,2.75,24
DANGEROUS.mp4,dangerous,2.17,24
PHILADELPHIA.mp4,philadelphia,2.25,24
BANANA.mp4,banana,3.7,30
SHINE.mp4,shine,2.4,30
MEASURE.mp4,measure,2.75,24
LEMON.mp4,lemon,2.84,30
ELEMENTARY.mp4,elementary,3.18,50
SYMBOL.mp4,symbol,2.5,30
NONE.mp4,none,3.0,30
WHEELCHAIR.mp4,wheelchair,1.58,24
COUGH.mp4,cough,1.6,30
SMALL.mp4,small,1.97,30
VACATION.mp4,vacation,3.04,30
FLORIDA.mp4,florida,3.52,25
CULTURE.mp4,culture,1.63,30
DANCER.mp4,dancer,2.84,30
THIRSTY.mp4,thirsty,2.97,30
LEAVE.mp4,leave,2.2,30
ENVIRONMENT.mp4,environment,1.6,30
MYSELF.mp4,myself,2.96,25
COST.mp4,cost,4.12,24
FURNITURE.mp4,furniture,1.2,30
KID.mp4,kid,2.96,24
IMAGE.mp4,image,2.47,30
ADJECTIVE.mp4,adjective,3.28,25
FIRST.mp4,first,2.04,30
NUN.mp4,nun,4.72,25
COMPARE.mp4,compare,3.1,30
WIFE.mp4,wife,2.8,30
POPULAR.mp4,popular,2.5,24
CONSUME.mp4,consume,2.34,24
TEXT.mp4,text,1.77,30
BUT.mp4,but,1.4,30
CHILD.mp4,child,1.13,30
BEAUTIFUL.mp4,beautiful,3.36,25
SNAKE.mp4,snake,2.54,30
IRELAND.mp4,ireland,1.71,24
SOMEWHERE.mp4,somewhere,3.48,50
BEAR.mp4,bear,3.0,30
SURGERY.mp4,surgery,0.97,30
RESCUE.mp4,rescue,2.9,30
HIDE.mp4,hide,4.47,30
NOW.mp4,now,2.0,30
GARAGE.mp4,garage,2.0,30
HERE.mp4,here,3.0,30
TISSUE.mp4,tissue,2.75,24
EASTER.mp4,easter,1.0,24
VAGUE.mp4,vague,4.04,25
DECORATE.mp4,decorate,1.6,30
NEAR.mp4,near,3.17,30
LAZY.mp4,lazy,2.84,30
START.mp4,start,2.0,30
DUE.mp4,due,3.29,24
DUTY.mp4,duty,1.92,24
PASS.MP4,pass,6.87,24
G.mp4,g,1.0,30
LATE.mp4,late,3.17,30
P.mp4,p,1.88,24
WONDERFUL.mp4,wonderful,2.21,24
STRANGE.mp4,strange,3.04,30
FORK.mp4,fork,1.79,24
APRIL.mp4,april,5.16,25
MONSTER.mp4,monster,2.17,30
RIGHT.mp4,right,2.77,30
JAPAN.mp4,japan,2.17,30
DEODORANT.mp4,deodorant,2.9,30
FATHER.mp4,father,2.97,30
FRONT.mp4,front,2.67,30
INTERNATIONAL.mp4,international,2.63,30
SCAN.mp4,scan,3.6,25
GATHER.mp4,gather,1.97,30
FAVORITE.mp4,favorite,1.63,30
HONEST.mp4,honest,2.96,25
TOAST.mp4,toast,2.96,24
DON'T WANT.mp4,don't want,1.88,24
SAVE.mp4,save,1.84,30
SMILE.mp4,smile,2.1,30
SHOULD.mp4,should,4.04,25
SIREN.mp4,siren,2.59,24
SHOOT.mp4,shoot,1.37,30
STAFF.mp4,staff,2.64,30
LAMP.mp4,lamp,0.9,30
LEFT WINGER.mov,left winger,1.36,29
JUNE.mp4,june,3.34,30
WAIT.mp4,wait,2.87,30
SUNSET.mp4,sunset,3.34,30
EMOTION.mp4,emotion,3.14,30
HUMBLE.mp4,humble,1.2,30
PRAISE.mp4,praise,3.28,25
RAINBOW.mp4,rainbow,2.88,25
TEXAS.mp4,texas,1.17,30
VAMPIRE.mp4,vampire,1.75,24
JANUARY.mp4,january,2.5,30
EXAMPLE.mp4,example,1.13,24
SOUP.mp4,soup,3.1,30
PREGNANT.mp4,pregnant,2.3,30
SHAME.mp4,shame,3.04,30
AGE.mp4,age,2.25,24
DEMAND.mp4,demand,3.1,30
Q.mp4,q,1.84,24
HOP.mp4,hop,2.43,30
APPROPRIATE.mp4,appropriate,3.72,25
TOLERATE.mp4,tolerate,4.48,25
F.mp4,f,1.88,24
FAT.mp4,fat,2.96,24
MEXICO.mp4,mexico,2.77,30
STITCH.mp4,stitch,2.88,25
FINANCE.mp4,finance,3.4,25
COUSIN.mp4,cousin,2.92,24
PEOPLE.mp4,people,2.44,30
ACTIVE.mp4,active,2.8,25
INVOLVE.mp4,involve,1.71,24
SOMETHING.mp4,something,3.44,25
CROCODILE.mp4,crocodile,2.29,24
CLOSE.mp4,close,3.4,30
PANTS.mp4,pants,2.63,24
HIGH.mp4,high,2.47,30
BERRY.mp4,berry,1.84,24
BELT.mp4,belt,2.44,30
PURPLE.mp4,purple,2.0,30
LINGUISTICS.mp4,linguistics,2.04,24
SUBTRACT.mp4,subtract,2.96,24
FOREVER.mp4,forever,3.38,24
PROCESS.mp4,process,3.76,25
WELCOME.mp4,welcome,3.0,30
PIE.mp4,pie,2.96,25
BOOKSHELF.mp4,bookshelf,3.12,25
TUESDAY.mp4,tuesday,1.17,30
GLASSES.mp4,glasses,1.75,24
LIVE.mp4,live,3.3,30
PEEL.mp4,peel,3.76,25
AWAKE.mp4,awake,3.17,24
RED.mp4,red,1.8,30
CONGRESS.mp4,congress,5.12,24
GOAT.mp4,goat,3.14,30
FULL.mp4,full,1.75,24
SKIRT.mp4,skirt,2.87,30
SPRAY.mp4,spray,2.34,30
RAIN.mp4,rain,3.07,30
LAST YEAR.mp4,last year,2.0,24
BUTTON.mp4,button,2.96,24
INSTEAD.mp4,instead,2.13,24
BELOW.mp4,below,3.27,30
PEANUT BUTTER.mp4,peanut butter,2.79,24
RAGE.mp4,rage,3.52,25
PLAYER.mp4,player,2.63,24
GREAT.mp4,great,3.04,30
ENGLISH.mp4,english,3.57,30
ATTRACT.mp4,attract,3.4,25
COPY.mp4,copy,2.63,30
HOT DOG.mp4,hot dog,2.29,24
GOLD.mp4,gold,1.33,30
SKUNK.mp4,skunk,4.0,25
FISH.mp4,fish,3.14,30
FREE.mp4,free,1.71,24
AWARE.mp4,aware,3.52,25
DORM.mp4,dorm,3.4,25
GOLF.mp4,golf,3.25,24
PROFESSIONAL.mp4,professional,3.96,25
BIOLOGY.mp4,biology,2.0,24
THIRD.mp4,third,1.0,30
CHRISTMAS.mp4,christmas,1.5,30
BOY.mp4,boy,2.4,30
CHRIST.mp4,christ,3.24,30
TABLE.mp4,table,1.63,24
VICE PRESIDENT.mp4,vice president,3.76,25
SEND.mp4,send,3.27,30
DEFENSE.MP4,defense,1.99,24
CEMETERY.mp4,cemetery,2.54,24
CAPTION.mp4,caption,2.75,24
HUNT.mp4,hunt,2.7,30
BAR.mp4,bar,1.63,24
PERIOD.mp4,period,2.71,24
AGENDA.mp4,agenda,2.6,30
BUSH.mp4,bush,4.8,25
FORBID.mp4,forbid,1.88,24
ARTICLE.mp4,article,2.34,24
SELL.mp4,sell,2.84,30
ARROGANT.mp4,arrogant,3.27,30
ICE CREAM.mp4,ice cream,3.0,25
VALLEY.mp4,valley,1.54,24
PIG.mp4,pig,2.34,30
AUTHOR.mp4,author,3.8,25
PICTURE.mp4,picture,2.47,30
ERASE.mp4,erase,2.92,24
CHAT.mp4,chat,1.07,30
FOUL.mov,foul,1.46,29
SHAMPOO.mp4,shampoo,3.12,25
PRIDE.mp4,pride,3.04,25
CLASSROOM.mp4,classroom,2.44,30
NOT.mp4,not,4.2,25
WITHIN.mp4,within,2.24,50
SWIMSUIT.mp4,swimsuit,3.7,30
ODD.mp4,odd,3.2,50
DRESS.mp4,dress,1.84,24
MEANING.mp4,meaning,2.27,30
MAGIC.mp4,magic,2.5,24
COACH.mp4,coach,4.16,25
HEAVY.mp4,heavy,3.48,25
THIS.mp4,this,2.04,30
REPRESENT.mp4,represent,7.62,24
D.mp4,d,1.47,30
CONFLICT.mp4,conflict,3.13,24
PART.mp4,part,3.6,25
FAKE.mp4,fake,1.2,30
PRINTER.mp4,printer,2.04,25
OFFSIDE.mp4,offside,1.6,49
CAMERA.mp4,camera,2.9,30
DYE.mp4,dye,2.76,25
ESCAPE.mp4,escape,1.3,30
S.mp4,s,1.96,24
FEEDBACK.mp4,feedback,3.17,24
CONVERT.mp4,convert,4.12,25
SOUR.mp4,sour,2.77,30
PUBLISH.mp4,publish,4.33,24
DEATH.mp4,death,6.88,24
HOPE.mp4,hope,1.27,30
LONG.mp4,long,1.33,24
BABY.mp4,baby,2.4,30
MUCH.mp4,much,2.84,30
TACKLE.MP4,tackle,10.5,24
MEET.mp4,meet,2.13,24
PEACEFUL.mp4,peaceful,4.08,25
PRINCIPLE.mp4,principle,2.52,25
SUNSHINE.mp4,sunshine,4.48,25
BENEFIT.mp4,benefit,3.47,30
SKINNY.mp4,skinny,1.8,30
BATTLE.mp4,battle,3.04,25
JULY.mp4,july,1.9,30
ANIMAL.mp4,animal,3.0,30
SAY.mp4,say,2.74,30
INTERCEPT.MP4,intercept,4.38,24
NIGHT.mp4,night,2.64,30
FAST.mp4,fast,1.92,24
HANG UP.mp4,hang up,2.94,30
ODOR.mp4,odor,2.96,25
TEA.mp4,tea,1.7,30
BEARD.mp4,beard,2.54,30
WHITE.mp4,white,2.5,30
GLOVES.mp4,gloves,1.7,30
CHOCOLATE.mp4,chocolate,2.84,30
EXAGGERATE.mp4,exaggerate,3.0,25
BALD.mp4,bald,5.53,30
FAMILIAR.mp4,familiar,2.5,30
WHAT.mp4,what,2.1,30
UNITED STATES.mp4,united states,2.8,30
BROCHURE.mp4,brochure,2.88,25
WE.mp4,we,2.54,30
BACK.mp4,back,3.0,30
BREATHE.mp4,breathe,2.54,24
REVENGE.mp4,revenge,3.07,30
PRESIDENT.mp4,president,1.63,30
NINE.mp4,nine,2.63,24
AUDIOLOGIST.mp4,audiologist,4.52,25
CUTE.mp4,cute,1.23,30
EGYPT.mp4,egypt,1.57,30
STORY.mp4,story,2.37,30
CLUELESS.mp4,clueless,1.5,24
BASIC.mp4,basic,2.04,24
POLICE.mp4,police,1.8,30
PARALLEL.mp4,parallel,2.42,24
ATTACK.mov,attack,3.09,58
R.mp4,r,2.0,24
FAIL.mp4,fail,2.4,30
WILLING.mp4,willing,1.96,24
DIVORCE.mp4,divorce,3.2,30
THEATER.mp4,theater,2.94,30
E.mp4,e,2.04,24
WORD.mp4,word,1.23,30
RELIGION.mp4,religion,2.67,30
CENTER MODFIELDER.mov,center modfielder,2.02,29
AIM.mp4,aim,4.24,25
KINDERGARTEN.mp4,kindergarten,3.36,25
COUNSELOR.mp4,counselor,2.36,25
CRAVE.mp4,crave,3.21,24
PLAN.mp4,plan,1.57,30
STEEL.mp4,steel,2.24,50
COUNSEL.mp4,counsel,3.0,24
POSITIVE.mp4,positive,2.96,24
PUMPKIN.mp4,pumpkin,2.29,24
MIDDLE.mp4,middle,3.0,30
PLAY.mp4,play,2.44,30
JAIL.mp4,jail,2.92,25
CROWN.mp4,crown,1.88,24
REPORT.mp4,report,1.84,25
TORTURE.mp4,torture,5.0,25
SQUARE.mp4,square,3.4,25
STEPFATHER.mp4,stepfather,3.3,30
PERCENT.mp4,percent,1.38,24
PEACE.mp4,peace,3.44,25
CONTRACT.mp4,contract,3.1,30
INTERPRETER.mp4,interpreter,2.46,24
WORTHLESS.mp4,worthless,2.25,24
SHELF.mp4,shelf,2.67,30
HEADACHE.mp4,headache,3.3,30
AUCTION.mp4,auction,3.52,25
WOW.mp4,wow,3.64,25
ENCOURAGE.mp4,encourage,2.88,24
MONDAY.mp4,monday,2.2,30
SPEECH.mp4,speech,1.29,24
RAKE.mp4,rake,2.71,24
SCOLD.mp4,scold,1.92,24
BAD.mp4,bad,1.8,30
PHYSICIAN.mp4,physician,2.8,25
PRECIOUS.mp4,precious,2.74,30
CHEMICAL.mp4,chemical,5.83,24
THEMSELVES.mp4,themselves,1.37,30
ALLIGATOR.mp4,alligator,3.32,25
COMMUTE.mp4,commute,4.12,25
ECONOMY.mp4,economy,7.12,24
UNDER.mp4,under,1.47,30
HAWAII.mp4,hawaii,2.4,30
BOX.mp4,box,2.94,30
EARTHQUAKE.mp4,earthquake,2.96,24
REHEARSE.mp4,rehearse,3.04,25
CONTEST.mp4,contest,4.04,25
MESSAGE.mp4,message,2.94,30
AWARD.mp4,award,3.56,25
TRADE.mp4,trade,1.21,24
ALPHABET.mp4,alphabet,4.24,30
TAKE UP.mp4,take up,1.58,24
HANUKKAH.mp4,hanukkah,2.84,25
QUICK.mp4,quick,2.6,30
LIP.mp4,lip,2.8,25
MATH.mp4,math,2.87,30
ARCHERY.mp4,archery,2.44,30
DORMITORY.mp4,dormitory,3.13,24
FUNBLE.MP4,funble,9.98,24
SIMPLE.mp4,simple,3.57,30
EAR.mp4,ear,2.27,30
SWIMMING.mp4,swimming,3.8,25
AUGUST.mp4,august,2.77,30
DONE.mp4,done,2.6,30
EXHIBIT.mp4,exhibit,3.04,25
INSECT.mp4,insect,4.88,24
GRANDFATHER.mp4,grandfather,3.2,30
KISS.mp4,kiss,3.6,30
COLD.mp4,cold,1.92,24
WORKER.mp4,worker,2.0,24
ELEVATOR.mp4,elevator,2.0,30
COAT.mp4,coat,3.04,30
BULL.mp4,bull,2.32,25
COMPANY.mp4,company,2.94,30
SCORE.mp4,score,2.2,30
PRINCESS.mp4,princess,4.27,30
SNACK.mp4,snack,4.2,30
COTACH.MP4,cotach,2.67,24
THICK.mp4,thick,1.76,25
SPECIAL.mp4,special,2.87,30
LAUNDRY.mp4,laundry,2.54,30
COLLEGE.mp4,college,3.04,24
AIRPLANE.mp4,airplane,3.24,30
ANY.mp4,any,2.9,30
FOOD.mp4,food,2.7,30
CALCULATOR.mp4,calculator,3.0,25
BREEZE.mp4,breeze,1.46,24
INTERRUPT.mp4,interrupt,1.47,30
HIT.mp4,hit,1.67,30
MUST.mp4,must,1.5,30
BEGINNING.mp4,beginning,1.23,30
PSYCHOLOGY.mp4,psychology,2.8,30
RESIGN.mp4,resign,2.09,24
GO.mp4,go,2.24,30
LAWYER.mp4,lawyer,3.0,25
EVENING.mp4,evening,3.2,25
HUNGRY.mp4,hungry,2.44,30
LONELY.mp4,lonely,2.37,30
RIGHT WINGER.mov,right winger,1.91,30
EIGHT.mp4,eight,1.87,30
DIVE.mp4,dive,2.37,30
SIT.mp4,sit,1.74,30
RING.mp4,ring,2.8,25
WITHOUT.mp4,without,2.77,30
TOTAL.mp4,total,3.3,30
CHOICE.mp4,choice,2.94,30
NEGATIVE.mp4,negative,2.67,30
STRONG.mp4,strong,2.77,30
OTHER.mp4,other,2.7,30
SQUIRREL.mp4,squirrel,3.04,30
DROP.mp4,drop,2.0,24
CAT.mp4,cat,2.24,30
DENY.mp4,deny,3.14,30
INTERVIEW.mp4,interview,2.17,24
TAN.mp4,tan,3.96,25
NURSE.mp4,nurse,1.23,30
SEW.mp4,sew,2.29,24
PAUSE.mp4,pause,1.47,30
NATION.mp4,nation,3.36,25
MARCH.mp4,march,1.42,24
MILITARY.mp4,military,2.84,25
WANT.mp4,want,2.3,30
SEA.mp4,sea,3.44,30
HATE.mp4,hate,1.1,30
WALK.mp4,walk,3.17,30
NOVEMBER.mp4,november,2.6,30
SPANISH.mp4,spanish,2.92,24
CONCENTRATE.mp4,concentrate,4.04,25
NEGOTIATE.mp4,negotiate,2.8,30
AFTERNOON.mp4,afternoon,2.57,30
SHOES.mp4,shoes,3.34,30
VOCABULARY.mp4,vocabulary,1.23,30
PRIVATE.mp4,private,2.67,30
CARELESS.mp4,careless,2.73,30
MOTORCYCLE.mp4,motorcycle,3.2,30
OFFICE.mp4,office,3.07,30
SOFT.mp4,soft,2.84,30
CHAIR.mp4,chair,3.84,25
REFUSE.mp4,refuse,1.88,24
MENTION.mp4,mention,2.79,24
OPINION.mp4,opinion,2.21,24
CHEESE.mp4,cheese,2.8,30
GERMANY.mp4,germany,1.43,30
COMPETE.mp4,compete,4.24,25
BALANCE.mp4,balance,2.27,30
ORGANIZE.mp4,organize,1.67,24
DICE.mp4,dice,2.7,30
WINDOW.mp4,window,2.46,24
QUOTE.mp4,quote,5.0,24
STRUCTURE.mp4,structure,6.54,24
WATERFALL.mp4,waterfall,2.82,50
CHARACTER.mp4,character,1.8,30
CUP.mp4,cup,4.28,25
PERSONALITY.mp4,personality,2.97,30
GRADUATE.mp4,graduate,2.87,30
VIEWPOINT.mp4,viewpoint,3.1,30
FRIENDLY.mp4,friendly,2.17,24
LICENSE.mp4,license,2.2,30
READ.mp4,read,2.92,25
PARADE.mp4,parade,3.4,25
ANNOY.mp4,annoy,3.56,25
ENTER.mp4,enter,3.57,30
EVERY MONDAY.mp4,every monday,1.57,30
BOXING.mp4,boxing,1.71,24
BRAID.mp4,braid,3.76,25
SILVER.mp4,silver,3.76,25
CLEAN.mp4,clean,2.77,30
DOLL.mp4,doll,2.87,30
BETTER.mp4,better,3.4,30
BABYSITTER.mp4,babysitter,4.04,25
DRAMA.mp4,drama,4.17,24
VISUALIZE.mp4,visualize,2.54,24
STUBBORN.mp4,stubborn,2.6,30
OBSESS.mp4,obsess,3.25,24
SWEEP.mp4,sweep,2.87,30
DATE.mp4,date,2.5,24
HELP.mp4,help,2.5,30
CLICK.mp4,click,4.12,25
BLEND.mp4,blend,3.76,25
MISUNDERSTAND.mp4,misunderstand,3.0,30
AMPUTATE.mp4,amputate,5.64,25
GREEN.mp4,green,2.1,30
REJECT.mp4,reject,2.32,25
BALLOON.mp4,balloon,1.17,30
REPLACE.mp4,replace,1.88,24
TOMORROW.mp4,tomorrow,2.5,24
TOUCHDOWN.MP4,touchdown,12.2,24
FUNNY.mp4,funny,3.08,25
ROB.mp4,rob,1.57,30
FEAR.mp4,fear,3.4,30
CUSTOMER.mp4,customer,4.0,25
AUDIOLOGY.mp4,audiology,3.08,25
ROOF.mp4,roof,2.07,30
CLIMB.mp4,climb,3.37,30
STUDENT.mp4,student,3.1,30
AGREE.mp4,agree,3.8,25
SURPRISE.mp4,surprise,2.59,24
PERSPECTIVE.mp4,perspective,1.43,30
LIGHT.mp4,light,2.46,24
FROM NOW ON.mp4,from now on,1.4,30
FINE.mp4,fine,2.17,30
COOK.mp4,cook,2.83,30
WEIGHT.mp4,weight,4.96,24
KEEP.mp4,keep,2.0,30
WRAP.mp4,wrap,2.54,30
BRA.mp4,bra,3.04,24
PRAY.mp4,pray,3.12,25
RUN.mp4,run,3.04,30
PREVENT.mp4,prevent,3.64,25
TOWER.mp4,tower,4.57,30
AFFECT.mp4,affect,5.04,24
ORANGE.mp4,orange,1.97,30
PRINT.mp4,print,2.77,30
MOON.mp4,moon,3.03,30
SLEEPY.mp4,sleepy,1.43,30
ILL.mp4,ill,3.36,25
VOMIT.mp4,vomit,1.25,24
WAITER.mp4,waiter,3.44,30
GAS.mp4,gas,1.92,24
FIX.mp4,fix,3.47,30
COMFORTABLE.mp4,comfortable,2.94,30
MANAGE.mp4,manage,2.54,24
DISGUST.mp4,disgust,3.92,25
HEART.mp4,heart,1.5,30
HOLY.mp4,holy,3.76,25
SOFA.mp4,sofa,2.27,30
CHERRY.mp4,cherry,1.96,24
MUSTACHE.mp4,mustache,3.3,30
DISMISS.mp4,dismiss,3.68,25
TECHNOLOGY.mp4,technology,5.88,24
QUARTER.mp4,quarter,3.97,30
STAMP.mp4,stamp,4.08,25
BLANKET.mp4,blanket,1.27,30
MEAN.mp4,mean,2.97,30
BULLY.mp4,bully,2.96,25
WOLF.mp4,wolf,2.17,24
TAKE TURNS.mp4,take turns,3.04,30
LADY.mp4,lady,3.88,25
RETIRE.mp4,retire,2.67,30
POVERTY.mp4,poverty,4.48,25
PEPPER.mp4,pepper,1.3,30
WATERMELON.mp4,watermelon,2.1,30
RUSH.MP4,rush,8.82,24
HOCKEY.mp4,hockey,2.13,24
MIRROR.mp4,mirror,1.27,30
SPECIFIC.mp4,specific,3.0,25
BAKE.mp4,bake,3.24,30
WHEN.mp4,when,2.67,30
GRASS.mp4,grass,2.74,30
BUILDING.mp4,building,3.04,24
SCIENTIST.mp4,scientist,7.96,24
DISCIPLINE.mp4,discipline,3.68,25
SKI.mp4,ski,2.06,50
CONCERN.mp4,concern,3.29,24
HIGH SCHOOL.mp4,high school,2.63,30
APOSTROPHE.mp4,apostrophe,2.46,24
SPIRIT.mp4,spirit,2.74,30
FACULTY.mp4,faculty,1.84,24
SMOOTH.mp4,smooth,4.16,25
TOP.mp4,top,2.4,30
THANKFUL.mp4,thankful,2.92,25
SHE.mp4,she,2.47,30
ANNIVERSARY.mp4,anniversary,3.17,30
MAN.mp4,man,2.54,30
TEASE.mp4,tease,1.97,30
EARN.mp4,earn,2.9,30
THURSDAY.mp4,thursday,1.94,30
GRAPES.mp4,grapes,1.54,24
SUMMON.mp4,summon,2.67,30
VERB.mp4,verb,4.21,24
BIRTH.mp4,birth,2.77,30
EXPERT.mp4,expert,1.03,30
REALIZE.mp4,realize,2.64,30
ACTOR.mp4,actor,2.5,30
MOUSE.mp4,mouse,2.6,30
AGAIN.mp4,again,1.63,30
EYEGLASSES.mp4,eyeglasses,1.2,30
SCREWDRIVER.mp4,screwdriver,3.2,30
IF.mp4,if,2.84,30
STATISTICS.mp4,statistics,1.57,30
ANATOMY.mp4,anatomy,3.96,25
APPLE.mp4,apple,3.04,30
REQUEST.mp4,request,3.64,25
TEST.mp4,test,2.7,30
CANDIDATE.mp4,candidate,2.36,25
MINUS.mp4,minus,3.44,25
PRICE.mp4,price,2.47,30
COMB.mp4,comb,3.14,30
BLOW.mp4,blow,3.12,25
CANOE.mp4,canoe,6.56,25
LEFT.mp4,left,2.77,30
REPUTATION.mp4,reputation,3.0,25
PITY.mp4,pity,2.8,30
CELEBRATE.mov,celebrate,1.93,29
RESPONSIBILITY.mp4,responsibility,2.21,24
BIRTHDAY.mp4,birthday,2.59,24
WEAK.mp4,weak,2.6,30
SLICE.mp4,slice,2.42,24
FIND.mp4,find,3.0,30
EDUCATE.mp4,educate,3.2,25
LIE.mp4,lie,3.0,24
SCULPTURE.mp4,sculpture,3.76,25
NOT YET.mp4,not yet,1.21,24
GRATEFUL.mp4,grateful,3.3,30
ACCIDENT.mp4,accident,3.47,30
CARDS.mp4,cards,2.2,30
PROJECT.mp4,project,3.07,30
HISTORY.mp4,history,1.94,30
EXCEPT.mp4,except,4.2,25
KICKOFF.MP4,kickoff,8.43,24
UPSTAIRS.mp4,upstairs,1.3,30
ALARM.mp4,alarm,3.0,30
ANGRY.mp4,angry,3.47,30
DAMAGE.mp4,damage,2.16,25
BINOCULARS.mp4,binoculars,2.5,24
CANADA.mp4,canada,2.9,30
HEAP.mp4,heap,2.17,24
CHAMPION.mp4,champion,1.03,30
FLOOD.mp4,flood,2.84,30
LEARN.mp4,learn,4.5,30
JEWISH.mp4,jewish,2.42,24
ELECTRICITY.mp4,electricity,2.44,25
EAT.mp4,eat,2.04,30
FRENCH FRIES.mp4,french fries,1.84,24
BUFFALO.mp4,buffalo,2.32,25
HEART ATTACK.mp4,heart attack,5.2,25
PUSH.mp4,push,2.64,30
NORMAL.mp4,normal,2.75,24
STING.mp4,sting,0.97,30
UNTIL.mp4,until,2.13,24
FLOWER.mp4,flower,1.92,24
BEST.mp4,best,2.88,25
DAWN.mp4,dawn,2.5,30
ROOSTER.mp4,rooster,2.13,24
AMERICA.mp4,america,3.2,30
BORED.mp4,bored,1.9,30
SUPERMAN.mp4,superman,3.36,25
FORGET.mp4,forget,1.75,24
NEW.mp4,new,2.1,30
INSURANCE.mp4,insurance,3.0,30
LITTLE BIT.mp4,little bit,4.07,30
DETACH.mp4,detach,3.56,25
PROFIT.mp4,profit,5.12,24
CRASH.mp4,crash,3.0,30
FAMOUS.mp4,famous,3.04,24
TUTOR.mp4,tutor,3.7,30
MIDFIELD.mov,midfield,3.79,59
CALM.mp4,calm,3.4,25
RESPECT.mp4,respect,1.53,30
EYE.mp4,eye,1.77,30
LOCAL.mp4,local,2.74,50
GOSSIP.mp4,gossip,2.57,30
DEBATE.mp4,debate,3.76,25
SHARE.mp4,share,1.77,30
CHOKE.mp4,choke,1.29,24
SECOND.mp4,second,1.71,24
EXPENSIVE.mp4,expensive,1.63,30
COVER.mp4,cover,2.27,30
BASEBALL.mp4,baseball,3.2,30
TOGETHER.mp4,together,2.84,30
SPAIN.mp4,spain,2.1,30
CONVERSATION.mp4,conversation,3.04,25
TAKE.mp4,take,3.04,30
ARTIST.mp4,artist,4.04,25
EASY.mp4,easy,3.0,30
ACCOUNTANT.mp4,accountant,2.96,24
VISIT.mp4,visit,2.04,24
BECOME.mp4,become,2.25,24
SOCIETY.mp4,society,2.88,24
HUSBAND.mp4,husband,1.53,30
TENDER.mp4,tender,3.72,25
FIREFIGHTER.mp4,firefighter,1.84,24
MELODY.mp4,melody,3.52,25
CAR.mp4,car,2.47,30
OWE.mp4,owe,3.6,30
DRIVE.mp4,drive,1.58,24
ROBBER.mp4,robber,2.8,25
GIFT.mp4,gift,2.76,25
WALL.mp4,wall,1.92,24
CLOCK.mp4,clock,2.74,30
TRUST.mp4,trust,3.04,30
COMMAND.mp4,command,3.52,25
LOOK AT.mp4,look at,2.76,25
THAILAND.mp4,thailand,3.36,25
DIAMOND.mp4,diamond,1.96,24
EXERCISE.mp4,exercise,2.0,24
UGLY.mp4,ugly,1.2,30
NAPKIN.mp4,napkin,1.75,24
STRAIGHT.mp4,straight,1.7,30
DIAPER.mp4,diaper,2.54,24
CRAB.mp4,crab,2.8,30
HELMET.mp4,helmet,3.14,50
BASKETBALL.mp4,basketball,3.07,30
POOP.mp4,poop,2.88,24
DEAF.mp4,deaf,3.6,30
PACK.mp4,pack,2.92,24
CONCEPT.mp4,concept,3.24,30
HIS.mp4,his,3.07,30
THAN.mp4,than,1.88,24
BARELY.mp4,barely,3.04,24
SKETCH.mp4,sketch,3.2,25
GRADUATION.mp4,graduation,3.24,25
LAST.mp4,last,2.17,24
FANCY.mp4,fancy,1.9,30
QUALITY.mp4,quality,2.42,24
CLOWN.mp4,clown,2.5,24
RUDE.mp4,rude,2.87,30
SEPARATE.mp4,separate,1.67,30
TIRED.mp4,tired,2.87,30
GREY.mp4,grey,2.97,30
YOUR.mp4,your,1.07,30
FRANCE.mp4,france,1.57,30
LANGUAGE.mp4,language,1.79,24
CAFETERIA.mp4,cafeteria,2.77,30
CONFRONT.mp4,confront,4.08,25
SPIN.mp4,spin,5.79,24
CHALLENGE.mp4,challenge,2.67,30
CALL.mp4,call,2.34,24
SENSITIVE.mp4,sensitive,1.96,24
WET.mp4,wet,2.0,30
ELECTRICIAN.mp4,electrician,3.0,30
SALAD.mp4,salad,3.27,30
HILL.mp4,hill,2.4,30
HUMAN.mp4,human,2.17,30
SWEATER.mp4,sweater,3.17,30
BROKE.mp4,broke,1.84,30
THINK.mp4,think,2.74,30
LAST WEEK.mp4,last week,2.09,24
FINISH.mp4,finish,2.27,30
CURRICULUM.mp4,curriculum,3.17,24
DESCEND.mp4,descend,3.74,30
MATCH.mp4,match,2.79,24
MAINSTREAM.mp4,mainstream,4.88,25
CONVINCE.mp4,convince,3.44,25
PHONE.mp4,phone,2.72,25
FOOTBALL.mp4,football,2.7,30
LET.mp4,let,2.67,30
FLOOR.mp4,floor,1.57,30
SKIN.mp4,skin,2.64,30
DEDUCT.mp4,deduct,3.4,25
STRICT.mp4,strict,3.0,30
COLOR.mp4,color,3.57,30
THOUSAND.mp4,thousand,2.38,24
CONSTRUCT.mp4,construct,5.67,24
HEAD.mp4,head,1.87,30
FIVE.mp4,five,1.8,30
STILL.mp4,still,1.3,30
HAIRCUT.mp4,haircut,2.32,25
SWEET.mp4,sweet,3.07,30
FROG.mp4,frog,2.94,30
TRIP.mp4,trip,2.94,30
LAPTOP.mp4,laptop,3.5,30
ISRAEL.mp4,israel,1.74,30
LEAGUE.mp4,league,2.13,24
COUNT.mp4,count,2.04,24
COME.mp4,come,2.87,30
PEAR.mp4,pear,2.63,24
DECEMBER.mp4,december,2.14,30
DEVELOP.mp4,develop,3.0,30
CROSS.mp4,cross,1.94,30
UNIVERSITY.mp4,university,3.24,30
BELIEVE.mp4,believe,2.46,24
AUSTRIA.mp4,austria,4.32,25
CATERPILLAR.mp4,caterpillar,3.48,25
MOCK.mp4,mock,2.84,25
PURPOSE.mp4,purpose,5.04,24
SAUSAGE.mp4,sausage,2.3,30
ACCENT.mp4,accent,2.59,24
CARRY.mp4,carry,3.37,30
CUT.mp4,cut,3.6,25
NIECE.mp4,niece,2.92,24
DEVIL.mp4,devil,3.0,30
INFORM.mp4,inform,1.04,24
CLOUD.mp4,cloud,1.6,30
DAUGHTER.mp4,daughter,1.0,30
HER.mp4,her,0.87,30
WORRY.mp4,worry,2.04,30
GEOGRAPHY.mp4,geography,7.21,24
PRISON.mp4,prison,2.6,30
PERMIT.mp4,permit,3.04,30
BELIEF.mp4,belief,6.21,24
DISAPPEAR.mp4,disappear,2.33,30
INFECTION.mp4,infection,1.92,24
BOAST.mp4,boast,1.5,24
CENTER.mp4,center,3.3,30
DEAD.mp4,dead,2.24,30
TEMPT.mp4,tempt,3.36,25
DEMONSTRATE.mp4,demonstrate,4.04,25
POSTPONE.mp4,postpone,1.4,30
SKY.mp4,sky,2.5,30
TOOTH.mp4,tooth,1.84,50
POOR.mp4,poor,2.84,30
PROVE.mp4,prove,3.64,30
MANAGER.mp4,manager,2.04,25
MOUNTAIN.mp4,mountain,2.87,30
FAULT.mp4,fault,1.27,30
INNOCENT.mp4,innocent,0.93,30
SEE.mp4,see,2.27,30
WEEKEND.mp4,weekend,2.7,30
KNOCK.mp4,knock,3.07,30
BUSINESS.mp4,business,1.8,30
REFER.mp4,refer,2.88,25
TRAFFIC.mp4,traffic,3.8,30
CENT.mp4,cent,2.63,24
REMOVE.mp4,remove,2.59,24
PAINTER.mp4,painter,4.2,25
REFEREE.mp4,referee,2.92,25
BEHIND.mp4,behind,1.74,30
VLOG.mp4,vlog,1.71,24
PRESCHOOL.mp4,preschool,1.63,30
PURSUE.mp4,pursue,3.08,25
SUBWAY.mp4,subway,4.14,30
HALF.mp4,half,2.56,25
DRUM.mp4,drum,3.07,30
DUSK.mp4,dusk,4.72,25
MICROSCOPE.mp4,microscope,2.84,25
ONE.mp4,one,2.2,30
TOILET PAPER.mp4,toilet paper,3.37,30
SCHEDULE.mp4,schedule,3.2,30
STICKY.mp4,sticky,1.27,30
LISTEN.mp4,listen,3.24,25
MONEY.mp4,money,1.5,24
PROOF.mp4,proof,1.96,24
PENNY.mp4,penny,2.6,30
PAY.mp4,pay,2.7,30
COMMENT.mp4,comment,2.75,24
HELLO.mp4,hello,3.04,30
RELATIONSHIP.mp4,relationship,2.84,24
COOL.mp4,cool,2.57,30
BOTHER.mp4,bother,2.6,30
BETWEEN.mp4,between,1.92,24
DOOR.mp4,door,4.3,30
HIPPOPOTAMUS.mp4,hippopotamus,2.09,24
WATER.mp4,water,2.3,30
FORGIVE.mp4,forgive,4.0,25
LESS.mp4,less,3.0,30
MEMORIZE.mp4,memorize,2.67,24
SORE THROAT.mp4,sore throat,4.04,25
STRETCH.mp4,stretch,2.48,50
TREE.mp4,tree,2.44,30
LOOK FOR.mp4,look for,4.16,25
ACTIVITY.mp4,activity,2.38,24
ROBOT.mp4,robot,3.3,30
HEAR.mp4,hear,2.7,30
DEFENDER.mov,defender,1.63,30
DEPARTMENT.mp4,department,1.33,30
TOUGH.mp4,tough,0.9,30
BLUE.mp4,blue,2.07,30
ORAL.mp4,oral,3.14,30
PINK.mp4,pink,2.27,30
POLICEMAN.mp4,policeman,2.96,25
CHURCH.mp4,church,3.0,30
SHRIMP.mp4,shrimp,2.47,30
MOTIVATE.mp4,motivate,3.04,24
COUCH.mp4,couch,2.67,30
BOTTOM.mp4,bottom,3.77,30
IMPORTANT.mp4,important,2.97,30
TROUBLE.mp4,trouble,1.9,30
DOWN.mp4,down,2.17,30
CAMPING.mp4,camping,3.04,24
TICKET.mp4,ticket,3.04,30
HONEY.mp4,honey,2.0,24
YEAR.mp4,year,1.7,30
MOSQUITO.mp4,mosquito,2.9,30
WIN.mp4,win,1.96,24
CANCEL.mp4,cancel,2.64,30
GAY.mp4,gay,3.0,24
CONSTITUTION.mp4,constitution,4.12,24
SIDE.mp4,side,2.57,30
CANDLE.mp4,candle,2.94,30
SHEEP.mp4,sheep,3.17,30
SHIRT.mp4,shirt,3.34,30
IMPACT.mp4,impact,1.84,24
FOREST.mp4,forest,2.94,30
DETECTIVE.mp4,detective,3.9,30
MULTIPLY.mp4,multiply,2.87,30
ANGEL.mp4,angel,2.8,30
SHOWER.mp4,shower,1.13,30
EVERY.mp4,every,2.94,30
SWEDEN.mp4,sweden,2.07,30
SOUTH AMERICA.mp4,south america,3.57,30
IMPROVE.mp4,improve,1.43,30
REAL.mp4,real,2.92,25
HOLD.mp4,hold,2.5,30
SENTENCE.mp4,sentence,1.27,30
CHICKEN.mp4,chicken,2.17,30
BRIEF.mp4,brief,4.08,25
PRESENTATION.mp4,presentation,1.33,30
DRAGON.mp4,dragon,2.84,25
RENT.mp4,rent,2.8,50
DIG.mp4,dig,4.68,25
SHY.mp4,shy,1.96,24
RESEARCH.mp4,research,2.34,30
TIGER.mp4,tiger,2.8,30
EVALUATE.mp4,evaluate,3.47,30
COOKIE.mp4,cookie,2.7,30
MELT.mp4,melt,3.04,25
HAVE.mp4,have,2.17,30
BODY.mp4,body,1.74,30
EUROPE.mp4,europe,1.9,30
KANGAROO.mp4,kangaroo,2.04,24
TESTIFY.mp4,testify,2.5,30
RESTROOM.mp4,restroom,3.57,30
MORNING.mp4,morning,2.57,30
LIBRARY.mp4,library,3.08,25
TONIGHT.mp4,tonight,4.4,25
FUNCTION.mp4,function,3.25,24
PARTY.mp4,party,1.33,30
JEALOUS.mp4,jealous,2.94,30
APPETITE.mp4,appetite,3.4,25
RELIEF.mp4,relief,2.77,30
STIR.mp4,stir,3.74,30
RICH.mp4,rich,1.23,30
SALARY.mp4,salary,3.34,30
EQUAL.mp4,equal,3.1,30
FAMILY.mp4,family,2.84,30
OBTAIN.mp4,obtain,2.36,25
OUT.mp4,out,0.97,30
ALLOW.mp4,allow,3.1,30
TRANQUIL.mp4,tranquil,3.46,50
FAIRY.mp4,fairy,4.16,25
COW.mp4,cow,2.67,30
MAD.mp4,mad,0.83,30
RESIST.mp4,resist,2.59,24
LETTER.mp4,letter,2.46,24
CANNOT.mp4,cannot,2.96,24
COMPROMISE.mp4,compromise,3.24,30
CONFUSED.mp4,confused,3.71,24
CALCULUS.mp4,calculus,3.2,30
PROUD.mp4,proud,2.97,30
SERIOUS.mp4,serious,2.04,24
GREECE.mp4,greece,3.67,30
TELEVISION.mp4,television,2.7,30
BLAME.mp4,blame,3.14,30
EXPRESS.mp4,express,2.38,24
DISCONNECT.mp4,disconnect,2.84,24
NICKEL.mp4,nickel,5.48,25
SAFE.mp4,safe,3.24,30
MUSIC.mp4,music,1.4,30
FOOL.mp4,fool,3.04,24
OVERCOME.mp4,overcome,3.08,25
DOCTOR.mp4,doctor,3.64,30
HURT.mp4,hurt,2.64,30
WEDNESDAY.mp4,wednesday,1.57,30
BECAUSE.mp4,because,1.33,24
MANY.mp4,many,2.97,30
CAMP.mp4,camp,2.36,25
PROVIDE.mp4,provide,2.46,24
WAKE UP.mp4,wake up,1.71,24
CHEMISTRY.mp4,chemistry,3.4,25
GOD.mp4,god,2.9,30
BIRD.mp4,bird,2.8,30
THEME.mp4,theme,4.17,24
BET.mp4,bet,2.94,30
SHOPPING.mp4,shopping,2.07,30
SUFFER.mp4,suffer,3.0,25
CHEERLEADER.mp4,cheerleader,2.63,24
THROW.mp4,throw,1.77,30
SEQUENCE.mp4,sequence,4.38,24
BACKPACK.mp4,backpack,1.77,30
ALCOHOL.mp4,alcohol,4.16,25
COCHLEAR IMPLANT.mp4,cochlear implant,2.38,24
LOBSTER.mp4,lobster,1.57,30
ARGUE.mp4,argue,3.67,30
CHAPTER.mp4,chapter,2.57,30
SEEM.mp4,seem,1.63,24
FESTIVAL.mp4,festival,4.24,25
ROOM.mp4,room,2.47,30
MOVE.mp4,move,2.46,24
COUNTRY.mp4,country,3.4,30
AUSTRALIA.mp4,australia,2.3,30
CEREAL.mp4,cereal,2.9,30
AUTHORITY.mp4,authority,3.0,30
SOLVE.mp4,solve,3.5,30
RECENT.mp4,recent,2.13,24
ROAD.mp4,road,2.96,25
STINK.mp4,stink,2.9,30
EAGLE.mp4,eagle,2.87,30
TURKEY.mp4,turkey,1.84,30
CLEAR.mp4,clear,2.8,30
SATURDAY.mp4,saturday,2.1,30
SERVICE.mp4,service,5.12,24
TOWEL.mp4,towel,2.4,30
AWKWARD.mp4,awkward,2.74,30
REVIEW.mp4,review,0.9,30
SPIT.mp4,spit,1.77,30
TALENT.mp4,talent,3.12,25
YELLOW.mp4,yellow,2.17,30
DECIDE.mp4,decide,1.21,24
GUIDE.mp4,guide,2.64,25
HELICOPTER.mp4,helicopter,3.07,30
STUDY.mp4,study,1.46,24
MINE.mp4,mine,2.64,25
AND.mp4,and,2.4,30
DIME.mp4,dime,4.56,25
WORSE.mp4,worse,2.25,24
DRY.mp4,dry,2.1,30
DRAWER.mp4,drawer,3.27,30
BOSS.mp4,boss,1.63,30
IN.mp4,in,2.24,30
WHERE.mp4,where,1.57,30
WRISTWATCH.mp4,wristwatch,2.29,24
ALL.mp4,all,2.97,30
SEPTEMBER.mp4,september,3.7,30
WONDER.mp4,wonder,2.07,30
PERFUME.mp4,perfume,1.17,30
THAT.mp4,that,1.13,30
AHEAD.mp4,ahead,2.04,24
PROFESSOR.mp4,professor,3.36,25
LAUGH.mp4,laugh,3.1,30
YOURSELF.mp4,yourself,1.03,30
ACT.mp4,act,2.54,24
ENERGY.mp4,energy,2.0,24
CHAIN.mp4,chain,2.34,24
SPRINT.mp4,sprint,2.92,25
ADDRESS.mp4,address,2.94,30
BRIDGE.mp4,bridge,3.0,24
PHOTOGRAPHER.mp4,photographer,3.24,25
HOUR.mp4,hour,3.17,30
SLAVE.mp4,slave,3.54,30
EMPTY.mp4,empty,2.87,30
ISLAND.mp4,island,2.84,30
CITY.mp4,city,3.04,30
CRACKER.mp4,cracker,3.72,25
LEADER.mp4,leader,3.7,30
DINING ROOM.mp4,dining room,2.68,25
MOM.mp4,mom,2.54,30
ASIA.mp4,asia,2.92,24
CAMEL.mp4,camel,3.24,25
BESIDE.mp4,beside,2.97,30
ASSIST.mp4,assist,2.64,25
DREAM.mp4,dream,1.67,30
AVOID.mp4,avoid,2.94,30
FREEZE.mp4,freeze,2.67,30
ENOUGH.mp4,enough,3.37,30
COMPLEX.mp4,complex,3.1,30
CURSE.mp4,curse,2.8,30
INTERESTING.mp4,interesting,3.04,50
CHANGE.mp4,change,2.4,30
FORMER.mp4,former,2.7,30
POWER.mp4,power,1.29,24
MICROPHONE.mp4,microphone,3.12,25
PAINT.mp4,paint,1.63,30
DRAG.mp4,drag,2.94,30
EVERYDAY.mp4,everyday,2.33,30
COMMUNITY.mp4,community,3.14,30
SKATE.mp4,skate,3.9,30
DIE.mp4,die,2.74,30
REMEMBER.mp4,remember,2.63,30
UNIQUE.mp4,unique,5.12,24
DESSERT.mp4,dessert,1.6,30
EAST.mp4,east,0.87,30
LABEL.mp4,label,2.74,30
RUIN.mp4,ruin,1.0,24
ENGLAND.mp4,england,1.53,30
CARROT.mp4,carrot,3.14,30
AVAILABLE.mp4,available,3.14,30
MINUTE.mp4,minute,3.21,24
SODA.mp4,soda,2.77,30
ATTEND.mp4,attend,3.72,25
CONQUER.mp4,conquer,3.6,30
CURIOUS.mp4,curious,3.5,24
SHOW.mp4,show,2.04,24
PHRASE.mp4,phrase,4.33,24
MISTAKE.mp4,mistake,2.6,30
LORD.mp4,lord,1.33,24
GERMAN.mp4,german,2.64,25
MIND.mp4,mind,2.0,30
FACT.mp4,fact,2.8,30
POUR.mp4,pour,2.21,24
BRAIN.mp4,brain,3.04,25
COCONUT.mp4,coconut,2.29,24
DOWNSTAIRS.mp4,downstairs,1.43,30
YESTERDAY.mp4,yesterday,1.84,30
PRECISE.mp4,precise,5.44,25
TOOTHBRUSH.mp4,toothbrush,3.1,30
NOSE.mp4,nose,2.8,30
WASTE.mp4,waste,2.54,30
CONTROL.mp4,control,2.18,50
CABINET.mp4,cabinet,2.84,25
SWEETHEART.mp4,sweetheart,2.8,30
GUILTY.mp4,guilty,2.96,24
THING.mp4,thing,2.1,30
BRACELET.mp4,bracelet,1.84,24
SISTER.mp4,sister,2.44,30
OCTOPUS.mp4,octopus,3.43,30
RAT.mp4,rat,2.7,30
SPEED.mp4,speed,2.04,50
SEVERAL.mp4,several,1.96,24
JACKET.mp4,jacket,2.54,30
DAILY.mp4,daily,3.25,24
TORNADO.mp4,tornado,2.38,24
ROAR.mp4,roar,5.8,25
BIKE.mp4,bike,2.32,25
CHICAGO.mp4,chicago,2.97,30
TRANSFORM.mp4,transform,2.88,50
PRINCE.mp4,prince,3.87,30
PRIEST.mp4,priest,2.44,30
SLOW.mp4,slow,2.97,30
SURGEON.mp4,surgeon,3.14,30
WILL.mp4,will,2.87,30
HABIT.mp4,habit,2.64,30
BITTER.mp4,bitter,1.1,30
GUM.mp4,gum,2.92,24
DIVISION.mp4,division,3.1,30
DINOSAUR.mp4,dinosaur,2.21,24
BIG.mp4,big,2.57,30
PILOT.mp4,pilot,3.12,25
WIND.mp4,wind,3.94,30
CREATE.mp4,create,3.28,25
INTEREST.mp4,interest,2.04,24
BATHROOM.mp4,bathroom,2.84,30
ALMOST.mp4,almost,3.75,24
MURDER.mp4,murder,3.04,25
BED.mp4,bed,2.77,30
PURE.mp4,pure,3.4,25
FROM.mp4,from,2.97,30
LIFT.mp4,lift,3.17,30
SERVE.mp4,serve,2.77,30
SINGER.mp4,singer,4.08,25
TENNIS.mp4,tennis,3.4,25
INSPECT.mp4,inspect,3.88,25
HOUSE.mp4,house,2.17,30
SNOB.mp4,snob,1.29,24
SOUND.mp4,sound,2.92,24
PHYSICS.mp4,physics,3.76,25
YES.mp4,yes,2.4,30
TEMPERATURE.mp4,temperature,1.2,30
GUESS.mp4,guess,2.0,30
ZERO.mp4,zero,1.87,31
STEAL.mp4,steal,2.23,30
SWITZERLAND.mp4,switzerland,3.2,25
EXCITED.mp4,excited,3.09,24
ESTABLISH.mp4,establish,3.76,25
VEGETABLE.mp4,vegetable,2.42,24
PRESENT.mp4,present,2.7,30
SHORT.mp4,short,3.34,30
FEW.mp4,few,1.3,30
INFORMATION.mp4,information,2.34,30
BAPTIZE.mp4,baptize,1.25,24
FOUR.mp4,four,2.2,30
TOMATO.mp4,tomato,1.53,30
COP.mp4,cop,2.82,50
CARNIVAL.mp4,carnival,2.88,25
PROMOTE.mp4,promote,2.5,30
SCISSORS.mp4,scissors,1.37,30
CAPTAIN.mp4,captain,3.53,30
INVESTIGATE.mp4,investigate,2.34,30
SPREAD.mp4,spread,2.87,30
CHASE.mp4,chase,2.54,24
GET UP.mp4,get up,1.67,24
STADIUM.mp4,stadium,3.16,25
SCARED.mp4,scared,0.83,30
OWL.mp4,owl,2.71,24
LESSON.mp4,lesson,2.64,30
OUR.mp4,our,3.52,25
SNEEZE.mp4,sneeze,3.47,30
VALUE.mp4,value,2.63,30
CONNECT.mp4,connect,2.09,24
CONTACT.mp4,contact,2.97,30
HARD OF HEARING.mp4,hard of hearing,1.57,30
VIOLIN.mp4,violin,3.47,30
PHILOSOPHY.mp4,philosophy,2.5,30
POINT.mp4,point,2.84,24
BACKGROUND.mp4,background,2.59,24
MEAT.mp4,meat,2.9,30
CLOSET.mp4,closet,3.4,30
DEBT.mp4,debt,3.47,30
ROOMMATE.mp4,roommate,1.88,24
SEARCH.mp4,search,3.24,30
SPRING.mp4,spring,3.44,30
VERY.mp4,very,2.5,30
DRINK.mp4,drink,2.57,30
BARK.mp4,bark,2.0,24
TRIANGLE.mp4,triangle,3.48,25
WEATHER.mp4,weather,1.7,30
TRANSFER.mp4,transfer,1.57,30
LIGHTNING.mp4,lightning,2.9,30
DRUG.mp4,drug,1.88,24
SOCCER.mp4,soccer,2.44,30
PROPAGANDA.mp4,propaganda,3.76,25
CHOIR.mp4,choir,3.0,25
BLOOD.mp4,blood,3.04,24
LOSE.mp4,lose,2.28,25
SHAPE.mp4,shape,3.04,30
INVITE.mp4,invite,2.13,24
SOCKS.mp4,socks,2.67,24
OCTOBER.mp4,october,2.48,25
ALLERGY.mp4,allergy,2.67,30
STRAW.mp4,straw,3.47,30
SIGN.mp4,sign,2.38,24
DINNER.mp4,dinner,3.37,30
ALSO.mp4,also,2.44,30
USE.mp4,use,1.43,30
GHOST.mp4,ghost,3.17,24
FRIEND.mp4,friend,1.97,30
LIST.mp4,list,1.42,24
EARTH.mp4,earth,6.54,24
PICK.mp4,pick,2.17,24
BEE.mp4,bee,2.0,30
GRANDMA.mp4,grandma,3.0,30
COMPLAIN.mp4,complain,2.34,30
PREPARE.mp4,prepare,3.2,30
WINE.mp4,wine,4.56,25
EARLY.mp4,early,3.07,30
END.mp4,end,2.24,25
DISTURB.mp4,disturb,3.76,25
ERASER.mp4,eraser,2.84,50
LIABILITY.mp4,liability,2.68,25
LIKE.mp4,like,1.97,30
SKIP.mp4,skip,2.42,24
PUT.mp4,put,2.14,30
RESTAURANT.mp4,restaurant,1.63,30
ROLE.mp4,role,5.96,24
GUN.mp4,gun,3.04,25
KNOW.mp4,know,2.23,30
NOTHING.mp4,nothing,3.17,30
DELAY.mp4,delay,1.63,30
PUZZLED.mp4,puzzled,2.34,24
WORKSHOP.mp4,workshop,2.21,24
MOTOR.mp4,motor,3.2,30
RACE.mp4,race,3.12,25
EITHER.mp4,either,3.1,30
NEW YORK.mp4,new york,3.3,30
BEG.mp4,beg,2.6,30
BUTTER.mp4,butter,3.0,30
SOMEDAY.mp4,someday,3.07,30
BLIND.mp4,blind,3.04,30
WHO.mp4,who,2.1,30
SMART.mp4,smart,1.8,30
VACANT.mp4,vacant,3.44,25
FIELD GOAL.MP4,field goal,12.13,24
BUTTERFLY.mp4,butterfly,2.84,24
WEAR.mp4,wear,2.74,30
UMBRELLA.mp4,umbrella,2.46,24
QUARREL.mp4,quarrel,3.37,30
APPROACH.mp4,approach,2.63,24
HEARING.mp4,hearing,3.04,24
SAUCE.mp4,sauce,2.29,24
SALUTE.mp4,salute,3.36,25
RACCOON.mp4,raccoon,3.07,30
FUNERAL.mp4,funeral,3.16,25
GENERATION.mp4,generation,5.0,25
TWO.mp4,two,2.24,30
HOME.mp4,home,2.17,30
SHOP.mp4,shop,1.79,24
HALLOWEEN.mp4,halloween,2.53,30
MILK.mp4,milk,1.3,30
THEREFORE.mp4,therefore,1.04,24
FOLD.mp4,fold,2.74,30
GIRL.mp4,girl,2.47,30
PERSON.mp4,person,2.03,30
NEED.mp4,need,1.6,30
ONION.mp4,onion,1.07,30
GORILLA.mp4,gorilla,2.97,30
WINTER.mp4,winter,2.67,30
RELY.mp4,rely,3.0,25
CIRCLE.mp4,circle,2.8,30
LOUSY.mp4,lousy,1.71,24
STAND.mp4,stand,2.4,30
DOLLAR.mp4,dollar,1.6,30
BOIL.mp4,boil,3.3,30
ASSUME.mp4,assume,5.32,25
EIGHTEEN.mp4,eighteen,2.46,24
SIX.mp4,six,2.04,30
UPSET.mp4,upset,2.7,30
DRAW.mp4,draw,2.13,24
MEMBER.mp4,member,3.64,25
LIMIT.mp4,limit,2.87,30
COMMIT.mp4,commit,4.04,25
RESULT.mp4,result,3.17,30
GROW UP.mp4,grow up,2.37,30
BROTHER.mp4,brother,2.57,30
INTRODUCE.mp4,introduce,3.1,30
EVERYTHING.mp4,everything,2.84,24
MEDICINE.mp4,medicine,3.0,24
WITNESS.mp4,witness,2.7,30
FISHING.mp4,fishing,3.21,24
CAN.mp4,can,1.87,30
ENGAGE.mp4,engage,2.88,24
SUNDAY.mp4,sunday,2.6,30
EMERGENCY.mp4,emergency,3.27,30
MOTHER.mp4,mother,2.74,30
PUBLIC.mp4,public,1.07,30
WOOD.mp4,wood,3.0,30
APPRECIATE.mp4,appreciate,4.36,25
FREE KICK.mov,free kick,2.32,59
ASSISTANT.mp4,assistant,4.08,25
SIN.mp4,sin,3.24,25
CLEVER.mp4,clever,2.04,30
MICROWAVE.mp4,microwave,1.17,30
AFRICA.mp4,africa,4.87,30
DENTIST.mp4,dentist,1.1,30
OLD.mp4,old,2.34,30
PATH.mp4,path,3.64,25
TOBACCO.mp4,tobacco,8.12,24
OFFENSE.MP4,offense,10.62,24
OFTEN.mp4,often,1.3,30
NERVOUS.mp4,nervous,1.74,30
REPEAT.mp4,repeat,2.77,30
BLACK.mp4,black,2.1,30
FACE.mp4,face,2.3,30
GRAMMAR.mp4,grammar,1.27,30
POLAR BEAR.mp4,polar bear,4.76,25
SKILL.mp4,skill,2.42,24
ENJOY.mp4,enjoy,2.93,30
TRANSLATE.mp4,translate,2.77,30
SELDOM.mp4,seldom,3.1,30
CHILDREN.mp4,children,3.2,30
WHY.mp4,why,1.57,30
BEER.mp4,beer,2.4,30
MIDNIGHT.mp4,midnight,2.54,30
SNOW.mp4,snow,3.5,30
WITH.mp4,with,2.97,30
ARMY.mp4,army,3.3,30
ROCK.mp4,rock,2.77,30
ALGEBRA.mp4,algebra,2.47,30
BREAKDOWN.mp4,breakdown,4.63,30
ARRIVE.mp4,arrive,1.67,30
ADMIRE.mp4,admire,2.67,24
INSTITUTE.mp4,institute,2.04,24
SORRY.mp4,sorry,1.7,30
HERSELF.mp4,herself,1.37,30
HAMBURGER.mp4,hamburger,3.54,30
BOTTLE.mp4,bottle,3.07,30
SUNRISE.mp4,sunrise,2.63,24
LIPSTICK.mp4,lipstick,3.56,25
REPLY.mp4,reply,2.78,50
REQUIRE.mp4,require,3.1,30
SOUTH.mp4,south,1.13,30
DIFFICULT.mp4,difficult,2.4,30
STUPID.mp4,stupid,2.5,30
DELIVER.mp4,deliver,2.52,25
THERAPY.mp4,therapy,1.47,30
BATTERY.mp4,battery,2.46,24
KILL.mp4,kill,1.0,30
EXCHANGE.mp4,exchange,1.67,30
FLAG.mp4,flag,2.97,30
PROSTITUTE.mp4,prostitute,3.2,30
THERMOMETER.mp4,thermometer,2.57,30
SPIDER.mp4,spider,3.09,24
TEACHER.mp4,teacher,1.9,30
OCCUR.mp4,occur,2.96,25
ADVANTAGE.mp4,advantage,1.84,24
AUNT.mp4,aunt,2.74,30
WEEK.mp4,week,1.03,30
PEACH.mp4,peach,2.6,30
ONLY.mp4,only,3.08,25
JOIN.mp4,join,2.0,24
AWAY.mp4,away,2.94,30
RECOMMEND.mp4,recommend,3.04,25
INFLUENCE.mp4,influence,2.46,24
DEGREE.mp4,degree,2.67,24
ARREST.mp4,arrest,1.04,24
BRAG.mp4,brag,2.74,30
TONGUE.mp4,tongue,2.79,24
CAKE.mp4,cake,3.54,30
PLANT.mp4,plant,7.92,24
PICKLE.mp4,pickle,2.3,30
YOU.mp4,you,2.24,30
THERE.mp4,there,1.2,30
DISAGREE.mp4,disagree,2.37,30
PRACTICE.mp4,practice,1.37,30
MEETING.mp4,meeting,3.17,30
SUMMER.mp4,summer,2.57,30
IRAN.mp4,iran,3.68,25
SUPPORT.mp4,support,2.4,50
TURTLE.mp4,turtle,2.6,30
BOWL.mp4,bowl,2.75,24
HEARING AID.mp4,hearing aid,2.71,24
IGNORE.mp4,ignore,3.44,30
ON.mp4,on,2.04,30
H.mp4,h,1.67,30
PIANO.mp4,piano,3.27,30
GROW.mp4,grow,3.64,30
TERRIBLE.mp4,terrible,2.4,30
CLASS.mp4,class,2.1,30
CLOTHES.mp4,clothes,2.97,30
HOMEWORK.mp4,homework,3.47,30
MACHINE.mp4,machine,2.46,24
NEWSPAPER.mp4,newspaper,3.0,30
SCIENCE.mp4,science,3.4,30
EVENT.mp4,event,2.96,24
INDEPENDENT.mp4,independent,2.77,30
LAND.mp4,land,3.04,30
STOP.mp4,stop,2.03,30
DIABETES.mp4,diabetes,3.6,25
HUG.mp4,hug,2.5,24
YELLOWCARD.mov,yellowcard,2.99,43
NEUTRAL.mp4,neutral,3.44,30
EXPECT.mp4,expect,5.12,25
MONTH.mp4,month,2.97,30
DUMB.mp4,dumb,2.8,30
WEEKLY.mp4,weekly,4.12,25
JUMP.mp4,jump,2.94,30
PROGRESS.mp4,progress,3.2,25
DAY.mp4,day,2.1,30
EFFORT.mp4,effort,5.46,24
QUIT.mp4,quit,2.5,30
COMPLETE.mp4,complete,1.67,30
BOOK.mp4,book,2.5,30
RADIO.mp4,radio,2.97,30
SCOTLAND.mp4,scotland,2.97,30
TALL.mp4,tall,2.77,30
HAIR.mp4,hair,2.94,30
SHOUT.mp4,shout,3.24,30
TASTE.mp4,taste,3.76,25
QUARTERBACK.MP4,quarterback,5.13,24
SITUATION.mp4,situation,2.63,24
EXPLODE.mp4,explode,2.54,24
I.mp4,i,2.71,24
ATTITUDE.mp4,attitude,3.57,30
FRIDAY.mp4,friday,2.07,30
VISITOR.mp4,visitor,1.88,24
HAT.mp4,hat,3.27,30
MOUTH.mp4,mouth,3.0,24
PENALTY.mov,penalty,2.99,59
COFFEE.mp4,coffee,3.07,30
BLESS.mp4,bless,2.54,24
SCREAM.mp4,scream,2.0,24
SWING.mp4,swing,3.94,30
INDIVIDUAL.mp4,individual,2.96,24
ALONE.mp4,alone,1.67,30
DURING.mp4,during,2.12,25
EVERY TUESDAY.mp4,every tuesday,2.04,30
COURT.mp4,court,3.92,25
STUCK.mp4,stuck,1.29,24
RELATE.mp4,relate,3.4,25
PRESSURE.mp4,pressure,3.33,24
BELL.mp4,bell,4.0,25
AMAZING.mp4,amazing,2.42,24
PLACE.mp4,place,2.17,30
CALCULATE.mp4,calculate,3.44,25
ADVERB.mp4,adverb,2.96,24
CHOOSE.mp4,choose,1.8,30
DIZZY.mp4,dizzy,3.25,24
WALLET.mp4,wallet,3.0,24
REASON.mp4,reason,2.64,30
SIMILAR.mp4,similar,2.84,30
SURFACE.mp4,surface,7.08,24
GOAL.mp4,goal,2.9,30
DECREASE.mp4,decrease,2.88,24
ENGINE.mp4,engine,3.54,30
TEMPLE.mp4,temple,3.6,25
TRAIN.mp4,train,3.0,30
LESBIAN.mp4,lesbian,2.21,24
DELICIOUS.mp4,delicious,1.27,30
PARAGRAPH.mp4,paragraph,3.76,25
PRIORITY.mp4,priority,3.3,30
HAPPY.mp4,happy,2.2,30
KING.mp4,king,2.92,24
AREA.mp4,area,2.75,24
STRUGGLE.mp4,struggle,1.92,24
PRETTY.mp4,pretty,2.34,30
TEAM.mp4,team,2.97,30
APART.mp4,apart,2.59,24
PREDICT.mp4,predict,3.07,30
DANCE.mp4,dance,1.63,30
REDUCE.mp4,reduce,1.5,30
INTERNET.mp4,internet,2.53,30
WATCH.mp4,watch,3.2,30
CARD.mp4,card,2.71,24
CALIFORNIA.mp4,california,1.23,30
ABLE.mp4,able,2.24,25
ROUGH.mp4,rough,2.84,30
FINAL.mp4,final,2.72,25
PREACH.mp4,preach,2.96,25
RUSSIA.mp4,russia,1.07,30
BITE.mp4,bite,2.54,24
CHOP.mp4,chop,2.75,24
FREEWAY.mp4,freeway,2.77,30
EMAIL.mp4,email,1.08,24
APPEAR.mp4,appear,2.67,24
HORSE.mp4,horse,2.57,30
JOKE.mp4,joke,2.33,30
WISH.mp4,wish,2.44,30
TRUE.mp4,true,2.8,30
UNDERSTAND.mp4,understand,1.67,30
SELFISH.mp4,selfish,2.92,25
TRADITION.mp4,tradition,2.63,24
SOLID.mp4,solid,2.79,24
MUSHROOM.mp4,mushroom,3.84,25
WAR.mp4,war,2.24,30
VOLLEYBALL.mp4,volleyball,1.43,30
ME.mp4,me,2.64,30
DIRTY.mp4,dirty,3.07,30
JOURNEY.mp4,journey,2.2,30
FOR.mp4,for,2.84,30
STOMACH.mp4,stomach,3.44,30
BOOTS.mp4,boots,2.5,24
K.mp4,k,2.04,24
ADD.mp4,add,2.77,30
ARIZONA.mp4,arizona,2.38,24
A LOT.mp4,a lot,1.77,30
PREACHER.mp4,preacher,3.3,30
NECESSARY.mp4,necessary,3.08,25
SPOON.mp4,spoon,1.92,24
DESERT.mp4,desert,3.0,24
WORLD.mp4,world,2.44,30
COMMA.mp4,comma,4.76,25
DUCK.mp4,duck,2.57,30
TODAY.mp4,today,2.44,30
DOG.mp4,dog,2.7,30
FLATTER.mp4,flatter,3.48,25
DEPOSIT.mp4,deposit,2.56,25
DEFEND.mp4,defend,4.56,25
WRONG.mp4,wrong,2.6,30
MATURE.mp4,mature,2.64,30
DEPRESSED.mp4,depressed,2.79,24
POPCORN.mp4,popcorn,1.21,24
CRUSH.mp4,crush,3.0,30
SILENT.mp4,silent,3.94,30
TEN.mp4,ten,2.7,30
RECLINER.mp4,recliner,6.44,25
DESTROY.mp4,destroy,3.21,24
RUBBER.mp4,rubber,3.68,25
FENCE.mp4,fence,2.04,24
SAW.mp4,saw,2.44,30
PILLOW.mp4,pillow,1.8,30
CATEGORY.mp4,category,2.87,30
MIX.mp4,mix,3.04,24
BOAT.mp4,boat,2.94,30
TROPHY.mp4,trophy,3.72,25
TRUTH.mp4,truth,1.77,30
STAY.mp4,stay,1.0,30
DRUNK.mp4,drunk,2.97,30
ASL.mp4,asl,2.48,25
GOODBYE.mp4,goodbye,1.8,30
CORRECT.mp4,correct,2.44,30
PRINCIPAL.mp4,principal,2.79,24
WHATEVER.mp4,whatever,2.63,24
PAPER.mp4,paper,2.1,30
SUSPECT.mp4,suspect,2.87,30
EARRING.mp4,earring,1.43,30
COMMITTEE.mp4,committee,3.0,24
DESIGN.mp4,design,2.54,24
J.mp4,j,1.8,30
EXPLAIN.mp4,explain,3.14,30
WORK.mp4,work,2.37,30
SINCE.mp4,since,3.0,30
SUPPOSE.mp4,suppose,2.97,30
GAMBLE.mp4,gamble,3.68,25
RISE.mp4,rise,2.43,30
CHRISTIAN.mp4,christian,2.17,24
DVD.mp4,dvd,1.97,30
SUSPEND.mp4,suspend,1.54,24
SUE.mp4,sue,3.32,25
BASEMENT.mp4,basement,2.84,24
SHOULDER.mp4,shoulder,2.34,24
REGULAR.mp4,regular,2.0,24
TWIN.mp4,twin,2.3,30
ATTORNEY.mp4,attorney,3.44,25
HOSPITAL.mp4,hospital,1.84,30
STREET.mp4,street,3.17,30
NEIGHBOR.mp4,neighbor,4.12,25
QUEEN.mp4,queen,2.77,30
WHALE.mp4,whale,3.04,30
KNEEL.mp4,kneel,3.27,30
GRANDMOTHER.mp4,grandmother,3.0,30
CHINA.mp4,china,2.44,25
AGAINST.mp4,against,2.63,24
SING.mp4,sing,3.24,30
BUY.mp4,buy,3.0,30
BEFORE.mp4,before,1.08,24
SMOKING.mp4,smoking,1.97,30
JEWELRY.mp4,jewelry,2.25,24
TENT.mp4,tent,3.44,30
SYMPATHY.mp4,sympathy,3.64,30
RABBIT.mp4,rabbit,3.44,25
QUIET.mp4,quiet,1.17,30
ABOVE.mp4,above,2.67,24
ACCOMPLISH.mp4,accomplish,3.0,24
DIARRHEA.mp4,diarrhea,3.96,25
NUT.mp4,nut,2.67,24
CARE.mp4,care,2.72,25
CHEAT.mp4,cheat,2.88,25
BOWLING.mp4,bowling,2.74,30
GOOD.mp4,good,1.67,30
FEED.mp4,feed,3.0,30
RECEIVE.mp4,receive,2.8,25
DOCUMENT.mp4,document,3.09,24
SLIP.mp4,slip,2.63,24
RESPONSIBLE.mp4,responsible,3.27,30
CHECK.mp4,check,3.13,24
PLUS.mp4,plus,2.84,24
CONTRIBUTE.mp4,contribute,2.4,30
OUTSIDE.mp4,outside,1.67,24
KEY.mp4,key,2.63,24
CHEAP.mp4,cheap,2.46,24
ORDER.mp4,order,1.84,24
TOUCH.mp4,touch,3.27,30
LAW.mp4,law,2.17,24
ELEPHANT.mp4,elephant,2.75,24
PUNISH.mp4,punish,2.67,24
SPELL.mp4,spell,2.64,30
CORN.mp4,corn,2.87,30
CERTIFICATE.mp4,certificate,2.79,24
COME HERE.mp4,come here,2.04,24
MECHANIC.mp4,mechanic,1.97,30
SPEAK.mp4,speak,3.6,25
DOLPHIN.mp4,dolphin,1.17,30
SIXTEEN.mp4,sixteen,2.54,24
AUDIENCE.mp4,audience,1.03,30
FALL IN LOVE.mp4,fall in love,4.12,25
GET.mp4,get,3.1,30
COMMON SENSE.mp4,common sense,5.12,24
DISCOUNT.mp4,discount,1.0,30
JESUS.mp4,jesus,2.27,30
ANALYZE.mp4,analyze,2.42,24
CAUSE.mp4,cause,3.1,30
INCREASE.mp4,increase,3.54,24
POTATO.mp4,potato,2.77,30
EXACT.mp4,exact,2.88,24
LIBRARIAN.mp4,librarian,2.88,25
TELESCOPE.mp4,telescope,4.36,25
ABDOMEN.mp4,abdomen,2.32,25
OFF.mp4,off,2.2,30
HURRICANE.mp4,hurricane,3.64,25
CRY.mp4,cry,2.37,30
OVER.mp4,over,2.58,50
THIN.mp4,thin,1.8,30
SOMETIMES.mp4,sometimes,3.76,25
SUGAR.mp4,sugar,3.74,30
TALK.mp4,talk,2.77,30
Y.mp4,y,1.67,30
BRUSH.mp4,brush,3.04,24
POLICY.mp4,policy,2.67,30
N.mp4,n,2.21,24
PERFECT.mp4,perfect,1.37,30
STORE.mp4,store,2.2,30
RULE.mp4,rule,2.8,30
GIVE UP.mp4,give up,2.59,24
THEM.mp4,them,3.34,30
CATCH.MP4,catch,3.17,24
NEVER.mp4,never,2.87,30
FUN.mp4,fun,2.2,30
TOWN.mp4,town,3.04,30
DEER.mp4,deer,3.04,30
BOYFRIEND.mp4,boyfriend,3.16,25
RECOVER.mp4,recover,2.88,50
HOST.mp4,host,1.58,24
STANDARD.mp4,standard,3.28,25
FARM.mp4,farm,2.8,30
SUGGEST.mp4,suggest,1.54,24
VOLUNTEER.mp4,volunteer,1.54,24
SAD.mp4,sad,2.54,30
POTENTIAL.mp4,potential,3.08,25
FLUTE.mp4,flute,3.92,24
QUESTION.mp4,question,2.0,30
LOCK.mp4,lock,2.97,30
ALL DAY.mp4,all day,2.0,24
READY.mp4,ready,2.6,30
FOLLOW.mp4,follow,2.87,30
PSYCHOLOGIST.mp4,psychologist,3.56,25
SON.mp4,son,1.1,30
ACTION.mp4,action,3.04,24
ARM.mp4,arm,2.04,30
UP.mp4,up,1.94,30
EACH.mp4,each,2.97,30
CIGARETTE.mp4,cigarette,2.34,24
SALT.mp4,salt,2.7,30
BATH.mp4,bath,2.25,24
O.mp4,o,2.0,24
PURCHASE.mp4,purchase,3.37,30
DEPEND.mp4,depend,2.94,30
ENGAGEMENT.mp4,engagement,2.74,30
GASOLINE.mp4,gasoline,2.34,30
X.mp4,x,1.4,30
THROAT.mp4,throat,3.68,25
APARTMENT.mp4,apartment,4.4,25
BUILD.mp4,build,3.07,30
ANNOUNCE.mp4,announce,1.79,24
FLIRT.mp4,flirt,1.75,24
KEYBOARD.mp4,keyboard,3.36,25
POST.mp4,post,3.33,30
PARACHUTE.mp4,parachute,3.6,25
CENTER BACK.mov,center back,1.73,30
GIVE.mp4,give,3.07,30
OLYMPICS.mp4,olympics,2.63,30
RECOGNIZE.mp4,recognize,4.12,25
APPOINTMENT.mp4,appointment,1.4,30
AFTER.mp4,after,3.04,24
NORTH.mp4,north,6.12,24
CAREFUL.mp4,careful,1.33,30
PUT OFF.mp4,put off,3.03,30
ALREADY.mp4,already,3.54,30
CURTAIN.mp4,curtain,1.6,30
RELAX.mp4,relax,3.1,30
INSPIRE.mp4,inspire,1.84,24
HEALTH.mp4,health,4.04,25
WIDE.mp4,wide,2.34,24
BURP.mp4,burp,1.37,30
MAJOR.mp4,major,2.44,30
SLEEP.mp4,sleep,3.24,30
DIVIDE.mp4,divide,1.88,24
PNEUMONIA.mp4,pneumonia,1.71,24
AWFUL.mp4,awful,2.13,24
LION.mp4,lion,3.24,30
SIGN LANGUAGE.mp4,sign language,3.34,30
THEORY.mp4,theory,2.4,30
DOUBLE.mp4,double,2.0,24
FIRE.mp4,fire,1.7,30
PROMISE.mp4,promise,1.75,24
AVERAGE.mp4,average,4.28,25
SENIOR.mp4,senior,2.74,30
DIFFERENT.mp4,different,2.03,30
GONE.mp4,gone,1.67,30
FINGERSPELL.mp4,fingerspell,3.0,30
NORTHWEST.mp4,northwest,2.36,25
TELL.mp4,tell,2.57,30
OPPOSITE.mp4,opposite,2.44,50
ENORMOUS.mp4,enormous,3.6,50
RIVER.mp4,river,3.24,30
SOLDIER.mp4,soldier,2.68,25
SIZE.mp4,size,2.34,30
INSIDE.mp4,inside,2.54,24
PLENTY.mp4,plenty,5.16,25
YOUNG.mp4,young,2.17,30
DARK.mp4,dark,2.3,30
TEETH.mp4,teeth,1.63,24
TEND.mp4,tend,2.37,30
WEST.mp4,west,2.57,30
TIME.mp4,time,2.04,30
ANOTHER.mp4,another,2.7,30
EMBARRASS.mp4,embarrass,3.37,30
EXPERIENCE.mp4,experience,3.04,30
CRAZY.mp4,crazy,2.5,30
EXPAND.mp4,expand,2.77,30
ANGLE.mp4,angle,2.84,30
OVERWHELM.mp4,overwhelm,2.75,24
MAKE.mp4,make,2.93,30
METAL.mp4,metal,2.24,30
LATER.mp4,later,3.37,30
TITLE.mp4,title,2.54,24
LOUD.mp4,loud,3.0,30
NO.mp4,no,2.24,30
OK.mp4,ok,1.9,30
BRING.mp4,bring,2.77,30
NUMEROUS.mp4,numerous,2.7,30
GRAY.mp4,gray,3.0,30
SAME.mp4,same,3.4,30
THEY.mp4,they,2.5,30
ADMIT.mp4,admit,1.79,24
BOOKSTORE.mp4,bookstore,2.37,30
ADOPT.mp4,adopt,2.42,24
Z.mp4,z,1.0,30
THEN.mp4,then,2.71,24
M.mp4,m,2.17,24
DEMOCRAT.mp4,democrat,3.56,25
DESK.mp4,desk,2.77,30
POUND.mp4,pound,3.48,25
DISCOVER.mp4,discover,4.38,24
MAXIMUM.mp4,maximum,4.08,25
PLEASE.mp4,please,2.87,30
SOUL.mp4,soul,2.87,30
TV.mp4,tv,2.04,30
ASK.mp4,ask,1.63,24
CONTINUE.mp4,continue,2.64,30
OFFER.mp4,offer,2.97,30
FUTURE.mp4,future,0.87,30
ILLEGAL.mp4,illegal,2.44,30
BALL.mp4,ball,3.14,30
DICTIONARY.mp4,dictionary,1.84,30
WASHINGTON.mp4,washington,1.13,30
SILLY.mp4,silly,1.77,30
CEILING.mp4,ceiling,2.29,24
POLITE.mp4,polite,2.54,24
GROUP.mp4,group,1.7,30
THANKSGIVING.mp4,thanksgiving,8.12,24
CUBA.mp4,cuba,3.32,25
DEEP.mp4,deep,2.84,30
BREAD.mp4,bread,2.84,30
SHOCK.mp4,shock,1.6,30
DIRT.mp4,dirt,2.52,25
ACROSS.mp4,across,2.82,50
DETERMINE.mp4,determine,3.84,25
FRENCH.mp4,french,3.58,50
SENATE.mp4,senate,1.75,24
L.mp4,l,1.6,30
GALLAUDET.mp4,gallaudet,3.04,24
WEIRD.mp4,weird,1.92,24
PROCRASTINATE.mp4,procrastinate,3.64,25
PROPER.mp4,proper,2.5,50
AGO.mp4,ago,0.93,30
BRIBE.mp4,bribe,3.96,25
APPROVE.mp4,approve,3.7,30
MONTHLY.mp4,monthly,4.32,25
MARRY.mp4,marry,3.0,24
ATTENTION.mp4,attention,2.38,24
SONG.mp4,song,3.3,30
MUSCLE.mp4,muscle,2.8,30
FLY.mp4,fly,3.09,24
NUMBER.mp4,number,1.23,30
PARENTS.mp4,parents,3.28,25
AID.mp4,aid,3.0,25
SHAVE.mp4,shave,1.2,30
COLLECT.mp4,collect,2.28,50
WORM.mp4,worm,3.1,30
WHISTLE.mp4,whistle,3.56,25
DOUBT.mp4,doubt,3.38,24
LEND.mp4,lend,2.13,24
ONCE.mp4,once,2.17,24
SCHOOL.mp4,school,2.3,30
BEDROOM.mp4,bedroom,2.96,24
POCKET.mp4,pocket,1.17,30
REMOTE CONTROL.mp4,remote control,2.5,24
CANDY.mp4,candy,2.7,30
ROSE.mp4,rose,1.76,25
MOVIE.mp4,movie,3.97,30
LEAK.mp4,leak,1.23,30
DIPLOMA.mp4,diploma,2.37,30
GAME.mp4,game,2.8,30
INCLUDE.mp4,include,4.04,25
UNCLE.mp4,uncle,3.14,30
POSITION.mp4,position,3.67,30
ENVELOPE.mp4,envelope,2.56,25
NOON.mp4,noon,3.57,30
NARROW.mp4,narrow,4.28,25
LECTURE.mp4,lecture,3.37,30
CLUMSY.mp4,clumsy,4.17,30
THREE.mp4,three,2.07,30
TYPE.mp4,type,1.08,24
VOTE.mp4,vote,2.57,30
TRAVEL.mp4,travel,3.4,30
